topic,topic_keywords,n_train_examples,p_not_credible,predicted_topic_label,example_statements
-1,outlier/noise,3065,0.5412724306688418,not_credible,The Chicago Bears have had more starting quarterbacks in the last 10 years than the total number of tenured (UW) faculty fired during the last two decades. || Jim Dunnam has not lived in the district he represents for years now. || The economy bled $24 billion due to the government shutdown.
0,"health, care, obamacare, medicare, insurance, medicaid, law, will, coverage, for",730,0.6794520547945205,not_credible,"Health care reform legislation is likely to mandate free sex change surgeries. || Most of the (Affordable Care Act) has already in some sense been waived or otherwise suspended. || Obamacare will provide insurance to all non-U.S. residents, even if they are here illegally."
1,"wisconsin, walker, scott, gov, milwaukee, walkers, wisconsins, state, mary, county",235,0.6893617021276596,not_credible,"Two-thirds of Wisconsinites receiving unemployment checks are not required to search for work due to current work search exemptions. || Milwaukee Mayor Tom Barrett has held the line on property taxes. || Milwaukee County taxpayers paid $370,000 to settle a lawsuit over a decision by Sheriff David A. Clarke Jr. to use untrained corrections officers rather than deputies to patrol the lakefront."
2,"never, no, has, not, zero, been, have, any, there, single",159,0.5786163522012578,not_credible,Mr. Caprio is a career politician who has never worked in the private sector. || Barack Obama has never even worked in business. || The U.S. Patent and Trademark Office received zero complaints about the Washington Redskins name.
3,"abortion, planned, parenthood, abortions, women, rape, birth, incest, pregnancy, coverage",138,0.6666666666666667,not_credible,Says the Annies List political group supports third-trimester abortions on demand. || Says Ohio budget item later signed into law by Gov. John Kasich requires women seeking an abortion to undergo a mandatory vaginal probe. || Says Scott Brown co-sponsored legislation to let employers deny women coverage for birth control.
4,"students, college, graduation, school, high, schools, tuition, public, percent, math",127,0.31496062992125984,credible,"Maggie Hassan raised tuition, making it the highest in America. || Only 2 percent of public high schools in the country offer PE classes. || ...Over 30 years, federal spending on education has grown by 375 percent, but test scores remain flat."
5,"campaign, clinton, money, super, foundation, donors, pac, donations, from, pacs",105,0.5904761904761905,not_credible,"Says GOP primary opponents Glenn Grothman and Joe Leibham cast a compromise vote that cost $788 million in higher electricity costs. || Hillary Clinton has taken over $800,000 from lobbyists. || Im the only member of the House of Representatives who raised most of his campaign funds in the last election from small contributions of less than $200."
6,"border, immigrants, immigration, illegal, mexico, arizona, mexican, legally, are, coming",101,0.5643564356435644,not_credible,"The new Arizona immigration law ""says that any police officer can stop anyone who appears to them to be reasonably suspicious of being an undocumented person."" || Research shows that a vast majority of arriving immigrants today come here because they believe that government is the source of prosperity, and thats what they support. || We have more illegal immigrants here than we did five years ago."
7,"debt, trillion, national, ceiling, added, interest, our, billion, president, day",99,0.3939393939393939,credible,"Under President George W. Bush, we added $4.9 trillion to the debt. Under President Obama weve added $6.5 trillion to the debt. || The only time in our history when the debt has been higher than this was the end of World War II. || The (federal) debt is growing by more than $4 billion a day."
8,"voter, id, voting, voters, photo, vote, turnout, early, fraud, election",91,0.5494505494505495,not_credible,Says you need a photo ID to purchase Sudafed in Texas. || A precinct in the Allen West-Patrick Murphy recount has 7 registered voters in Guatemalan community and the tally showed 900 voted!!!!! || You cant check out a library book without a photo ID.
9,"education, schools, school, cuts, funding, cut, scott, public, rick, gov",90,0.4666666666666667,credible,"Gov. Rick Scott cut the cost of prepaid college tuition by nearly $20,000. || Says Rick Scott called education not a core function of the state. || Says that under Rick Perrys plan, Texas has cut funding for public schools by 25%."
10,"mccain, john, mccains, breaks, said, tax, he, bush, troops, against",85,0.388235294117647,credible,"Hillary Clinton agrees with John McCain ""by voting to give George Bush the benefit of the doubt on Iran."" || McCain opposed a requirement that the government buy American-made motorcycles. And he said all buy-American provisions were quote 'disgraceful.'  || Sen. McCain's tax plan provides ""virtually nothing to the middle class."""
11,"rubio, marco, ted, cruz, amnesty, immigration, illegal, immigrants, deport, against",80,0.6625,not_credible,Newt Gingrichs immigration plan offers a new doorway to amnesty. || Marco Rubio voted against authorizing President Obama to strike Syria after Assad used chemical weapons on his own people. || Says Marco Rubio is the one for an open border.
12,"unemployment, rate, percent, above, promised, months, depression, higher, stimulus, consecutive",69,0.5507246376811594,not_credible,"Youth unemployment in minority communities is about 40 to 45 percent. || Says Obama promised unemployment would never go above 8 percent. || Says although the unemployment rate seems to be improving, it does not reflect real job creation -- its caused by a shrinking of the actual labor force."
13,"income, tax, taxes, pay, top, percent, earners, businesses, americans, small",67,0.35820895522388063,credible,"We cut business taxes so today 70 percent of our businesses dont pay a business tax. || In the 1950s, ""A lot of people got rich and they had to pay a top tax rate of 90 percent."" || The top 1 percent pay over half of the entire revenue for this country."
14,"votes, poll, time, polls, race, with, obama, nancy, percent, pelosi",66,0.5303030303030303,not_credible,"Says Mark Pryor votes with Obama 93 percent of the time. || Sen. Obama has always had a 100 percent prochoice rating. || The most recent Associated Press poll has Nader-Gonzalez at 6 percent, without any national coverage, against McCain and Obama."
15,"social, security, age, scheme, privatize, retirement, ponzi, privatizing, benefits, supports",65,0.6923076923076923,not_credible,Says David Jolly supports privatizing Social Security. || Says the U.S. Supreme Court found that Social Security is not guaranteed. || Blames Mike McIntyre and Nancy Pelosi for the second straight year of no cost-of-living increases for Social Security beneficiaries.
16,"court, supreme, justice, judge, sotomayor, nominees, justices, filibuster, confirmed, judicial",64,0.640625,not_credible,Says a U.S. Supreme Court justice suggested that some U.S. cases will be decided based on South African law. || On whether a U.S. Supreme Court nominee should be forthcoming at confirmation hearings. || The Supreme Court cant overrule the other two branchesof government.
17,"iraq, war, obama, troops, flag, american, opposed, barack, president, marine",61,0.7213114754098361,not_credible,The Obama administration shut down the Amber Alert program because of the government shutdown. || You ... said that Barack Obama was not ready to be commander in chief. || Not even old Gen. Eisenhower saluted military personnel as president.
18,"florida, highest, nation, tax, state, rating, casino, property, texas, credit",60,0.33333333333333337,credible,There are a lot of casinos across the country that have gone bankrupt. || Texas this fiscal year will have more money in reserve than the other 49 states combined. || Says New Hampshire has the third-highest property tax in the country.
19,"marriage, gay, samesex, couples, webster, wedlock, marriages, born, marry, couple",59,0.576271186440678,not_credible,"In a majority of states, you can now marry freely, but can still be fired for who you love. || Webster sponsored a bill to create a form of marriage that would trap women in abusive relationships. || The people of Rhode Island dont want same-sex marriage."
20,"climate, warming, change, global, earth, temperature, evidence, weather, is, humans",59,0.6271186440677966,not_credible,Climate change is directly related to the growth of terrorism. || Says Thomas Eric Duncan came into the United States with an elevated temperature. || Not one Republican has the guts to recognize that climate change is real.
21,"romney, mitt, romneys, bain, massachusetts, plant, says, business, tax, toys",52,0.46153846153846156,credible,"When Mitt Romney was governor of Massachusetts, we didnt just slow the rate of growth of our government, we actually cut it. || Romney failed to take action against ""sanctuary cities"" in Massachusetts. || In July 1996, Mitt Romney helped locate the missing teenage daughter of a partner at Bain Capital."
22,"stimulus, spent, bill, projects, jobs, package, money, went, economic, funds",52,0.7115384615384616,not_credible,"This is what President Obama said the jobless rate would be if we passed the stimulus: 5.6 percent. || Says Steve Kagen promised us jobs, voting for the $787 billion stimulus. Cost: another 77,000 jobs lost. || The stimulus bill includes ""$300,000 for a sculpture garden in Miami."""
23,"hillary, clinton, emails, email, her, fbi, she, classified, director, sent",50,0.78,not_credible,Says Hillary Clinton said the Veterans Affairs scandal is over-exaggerated. She said she was satisfied with what was going on. || We didnt go out and take information from the Hillary Clinton campaign. || The @nytimes sent a letter to their subscribers apologizing for their BAD coverage of me.
24,"georgia, georgias, transportation, ranks, elected, dropped, tax, has, codes, proposed",49,0.24489795918367352,credible,"Electric car sales in Georgia have dropped dramatically since a $5,000 tax credit was eliminated and a $200 annual registration fee was imposed July 1. || Georgias civil forfeiture laws are among the worst in the country and the very worst in the South. || Georgia spends fewer tourism advertising dollars than any other state in the South."
25,"raise, obama, taxes, tax, barack, 42000, transactions, class, your, obamas",47,0.851063829787234,not_credible,"The jobs bill includes President Obamas tax on soup kitchens || Barack Obama's plan calls for ""mandates and fines for small businesses."" || Last week Senator Obama's running mate said, get this, 'Raising taxes is patriotic.' "
26,"iran, nuclear, sanctions, deal, irans, iranian, tiny, weapons, hostages, iranians",47,0.7234042553191489,not_credible,"When we took office, let me remind you, there was virtually no international pressure on Iran. || Since the United States began negotiations with Iran, thats probably the first year and a half in which Iran has not advanced its nuclear program in the last decade. || Obama says Iran is a 'tiny' country, 'doesn't pose a serious threat.'"
27,"oil, gas, arabia, saudi, gulf, production, barrels, natural, reserves, strategic",44,0.4772727272727273,credible,"There are more oil rigs in operation in the United States than the rest of the world combined. || On using the Strategic Petroleum Reserve. || Says the United States actually exports more gasoline, diesel and other fuels than it imported in 2011 for the first time since, I think, 1949."
28,"marijuana, drug, medical, use, pain, get, testing, studies, drugs, cigarettes",43,0.37209302325581395,credible,"Under a proposed medical marijuana amendment in Florida, you dont get refills -- you get it forever. || As the usage [of synthetic marijuana] has dramatically increased, instances of violence, bodily harm and even death have risen with it. || The marijuana that kids are smoking today is not the same as the marijuana that Jeb Bush smoked 40 years ago."
29,"veterans, suicide, veteran, homeless, skipped, lives, affairs, va, diowa, there",41,0.5121951219512195,not_credible,"Says one out of three U.S. homeless men is a veteran. || On the VA: Over 300,000 veterans have died waiting for care. || Our veterans, in many cases, are being treated worse than illegal immigrants."
30,"rhode, island, providence, country, worst, highest, pension, islands, state, median",40,0.475,credible,"In Rhode Island, 9 percent of workers use the states temporary disability insurance program each year while in New Jersey, the rate is only 3 percent. || Providences port is 200 miles closer to Europe than any other Eastern port. || If Rhode Island does a hybrid [retirement] plan well be the first state in the nation to do this."
31,"wage, minimum, workers, 725, 1010, 40hour, federal, hour, lift, raising",40,0.44999999999999996,credible,"Raising the minimum wage to $10.10 an hour, would help lift over a million Americans out of poverty. || The minimum wage is mostly an entry-level wage for young people. || Says U.S. Senate candidate Joni Ernst does not support a national minimum wage."
32,"immigration, border, obama, president, barack, executive, deportation, 22, he, authority",39,0.4358974358974359,credible,Says Barack Obama is apparently not for vetting people and saying just anybody can come to the United States. || Says President Barack Obama promised a pathway to citizenship to undocumented immigrants and didnt deliver jack squat on any of it. || Says President Barack Obamas acceptance of an Islamic order and gold medal was unconstitutional.
33,"jobs, lost, months, month, president, obama, barack, during, million, eight",38,0.5526315789473684,not_credible,"We went from losing 3 million jobs in the last six months of the Bush Administration, adding almost 600,000 private sector jobs in the first six months of the year. || Democrats have lost more than 900 state legislators since Barack Obama has been president. || 8 years of the Clintons, major losses for Democrats across the nation."
34,"perry, rick, perrys, gov, mansion, taxpayers, forum, secede, texas, governors",38,0.631578947368421,not_credible,"Says Gov. Rick Perry has been begging for the federal government to send the Coast Guard to patrol two lakes on the U.S.-Mexico border. || Says Rick Perry wrote a letter supporting Hillarycare. || Gov. Rick Perry spent over a million dollars on D.C. lobbyists asking for more federal money and lives in a luxury house that costs taxpayers $10,000 a month."
35,"guns, gun, assault, shooting, ban, weapons, you, handguns, rifles, hunting",38,0.6578947368421053,not_credible,"Assault weapons and handguns are allowed in the state Capitol while bullhorns, trumpets, helium balloons and flags on poles are banned. || One of the key things about Leonard Lance is that in 2008, when you look at [the] Project Vote Smart website, he was not for guns. Now he has gone too far to the right, saying that you can carry concealed weapons in national parks. || Says U.S. Rep. John Barrow, D-Ga., celebrates gun ownership even in the face of school shootings."
36,"killed, gunfire, die, died, americans, people, murdered, guns, each, year",37,0.2432432432432432,credible,"Since 1968, more Americans have died from gunfire than died in all the wars of this countrys history. || Every month since 9/11, there have been as many suicide attacks against the United States and its allies as there were in all the years leading up to 9/11. || Here are the stats: Per population, we kill each other with guns at a rate 297x more than Japan, 49x more than France, 33x more than Israel."
37,"crime, violent, down, crimes, violence, decrease, park, percent, atlanta, murder",36,0.4722222222222222,credible,"Since the federal Violence Against Women Act was adopted in 1994, cases of domestic violence have fallen by 67 percent. || Crime is rising. || The truth of the matter is that during my administration, the FBI's crime statistics show that violent crime was reduced in Massachusetts by 7 percent."
38,"food, stamps, stamp, farm, assistance, sandwich, bread, cheese, ham, welfare",36,0.33333333333333337,credible,"Says taking millionaires off food stamps and unemployment would save $20 million. || Says 1 in 7 American families is on food stamps. || Says Walmart employees represent the largest group of Medicaid and food stamp recipients in many states, costing the taxpayer $1,000 per worker."
39,"bills, passed, murphy, patrick, house, bipartisan, three, bill, committee, assembly",35,0.5714285714285714,not_credible,"Unlike the gridlock in Washington, more than 80 percent of the bills we passed during this General Assembly had bipartisan support. || Now, in the House of Representatives, we have 40 different jobs bills that have passed and almost all of them have been bipartisan. || He leant his name to a bill, did little or nothing three years ago to try to get it passed, (and) since then has done absolutely nothing other than disavow any attempt to move on the legislation."
40,"rick, scott, scotts, gov, company, columbiahca, insurance, geared, mosquito, fraud",34,0.7352941176470589,not_credible,"Said former U.S. Ambassador to Kenya Scott Gration was forced to resign two years ago because of his personal use of emails. || Rick Scott ""was forced to resign as the head of a company that pled guilty to massive amounts of systematic fraud, including 14 felonies, leading to a historic $1.7 billion fine."" || Rick Scotts Administration spent over $100,000 of taxpayer money during their first voter purge attempt in 2012."
41,"water, gallons, lake, lakes, day, flooding, wash, reservoir, reuses, surprised",34,0.47058823529411764,credible,"We have towns in West Texas that are out of water, that are having to truck in water. || (Flint, Mich., is) paying three times more for poison water than I am paying in Burlington, Vt., for clean water. || The city of Atlanta has either the highest or second-highest average water bills in the country."
42,"spending, gdp, percent, economy, dollar, assets, our, discretionary, six, federal",34,0.32352941176470584,credible,"During the recession, the consumer in his native perversity has begun to save. The savings rate is now 6.2 percent. || Were now spending 42 percent of our economy on government. || What we have now is the most generous, in my opinion, good time bill in the entire United States."
43,"guantanamo, detainees, cuba, bowe, bergdahl, torture, bay, waterboarding, swapped, political",31,0.3548387096774194,credible,SaysMichael Bennet wants to close Guantanamo Bay prisonand bring terrorists right here to Colorado. || Says Merrick Garland authored an opinion that resulted in the release of 17 Guantanamo Bay prisoners who were part of a group of violent Islamist extremists the State Department had designated as terrorists. || Guantanamo Bay detainees will get the H1N1 vaccine.
44,"economy, texas, carolina, south, growing, jobs, rest, created, shortage, greece",31,0.32258064516129037,credible,"If Texas were a country our economy would rank # 10...in the WORLD. || Starting in December 2007, 1.4 million jobs were created in Texas. In that same period, the rest of the country lost 400,000 jobs. || Over the last 10 years, Texas created 33 percent of the net new jobs nationwide."
45,"ferguson, whites, africanamericans, black, blacks, white, males, police, prison, likely",30,0.4666666666666667,credible,"There are more African American men in prison, jail, on probation or parole than were enslaved in 1850. || Youll find blacks in almost every regiment throughout the South who fought right alongside white Southerners, during the Civil War. || African-American children are 500 percent more likely to die from asthma than white kids."
46,"muslims, mosque, muslim, islamic, sharia, dearborn, mich, cannot, islam, not",30,0.7333333333333334,not_credible,"If you actually took the number of Muslims [sic] Americans, we'd be one of the largest Muslim countries in the world. || Says thousands at a Manhattan rally for Donald Trump were chanting We hate Muslims, we hate blacks, we want our great country back. || I never said that Muslims would be subject to profiling under his policies."
47,"driving, alcohol, rhode, island, fatalities, drunk, texting, attributed, crashes, deaths",29,0.48275862068965514,credible,"Wisconsins criminal threshold for drunken-driving is way out of line with states surrounding us, which have the second offense as a felony. || Rhode Island has the the second-most heavily deployed National Guard in the United States. || Rhode Island is the only state where officers at state-supported [colleges] carry out their duties unarmed."
48,"women, cents, dollar, men, 77, earns, earn, man, same, paid",29,0.3793103448275862,credible,Women and men both are making less when you adjust for inflation than when John Kitzhaber was first elected governor. || You had more women getting computer sciences degrees in the 80s by a factor of 2-plus than you do now. || The typical white male worker in this country is making in real terms what he was making in 1973 and the average worker is making what they were making in 1996.
49,"poverty, living, women, poor, childless, lived, extreme, youre, level, highest",29,0.3793103448275862,credible,"The poverty level in the Dallas school district is one of the highest in the country, higher than New York, Chicago, Los Angeles, Houston, Detroit and Newark. || Says the number of Americans living at or below the poverty line is at its highest level since 1964. || 90% of rural women and 55% of all women are illiterate in Morocco."
50,"earmarks, earmark, kingston, requested, jack, allen, patty, requesting, ga, asked",28,0.4642857142857143,credible,"The omnibus bill has only $3.8 billion in earmarks. || Senator McCain has been talking tough about earmarks, and that's good, but earmarks account for about $18-billion of our budget. || On an earmark moratorium."
51,"isis, islamic, terrorist, alqaida, radical, group, isil, targets, attack, terrorists",28,0.8571428571428572,not_credible,"Says the man who rushed the stage at him in Dayton, Ohio, had chatter about ISIS, or with ISIS in his social media posts. || The Family Research Council, according to some government agencies, is a terrorist group. || Jason Kander supports [Obamas] plan to bring the remaining suspected terrorists to U.S. soil."
52,"background, checks, check, nra, gun, expanded, households, buyers, support, 1999",27,0.2592592592592593,credible,"In 1999, the NRA leadership in Washington, pretty much the same people intact, were for (expanded background checks.) || Speaker Rubio supported gun restrictions that included background checks and waiting periods. || The NRA supported background checks..."
53,"gallon, gas, gasoline, prices, ethanol, cents, price, subsidies, president, became",27,0.7407407407407407,not_credible,"Gas prices have gone up 99 percent since Obama became president, the highest gas price increase since Carter. || Americans ""have never paid more for gas at the pump."" || Says gas costs $4.50 a gallon."
54,"barack, obama, kenya, born, che, belongs, obamas, columbia, him, forward",27,0.7777777777777778,not_credible,"Barack Obamas Columbia University ID says he was a foreign student and went by Barry Soetoro. || Barack Obama wrote a thesis at Columbia University in which he criticized ""plutocratic thugs"" and said the Constitution gave Americans ""the shackles of hypocrisy."" || Barack Obama voted against born alive legislation in Illinois that was virtually identical to the federal law."
55,"jersey, new, christie, jerseys, nj, chris, credit, downgrades, whitman, jobless",27,0.5185185185185186,not_credible,"Says that in the 1985 election former Gov. Tom Kean had the largest winning margin for a gubernatorial candidate in Jersey history. || And the #jerseycomeback keeps rolling! Thanks to @GovChristie NJ now has lowest corruption risk of any state. || While the United States has seen its unemployment rate steadily decline, New Jerseys remains nearly two percent higher than the national average and more than a point higher than Connecticut and New York."
56,"coal, wind, solar, energy, power, plants, emissions, presidents, electricity, carbon",26,0.46153846153846156,credible,What (the Obama administration is) going to come out with in the next several months is youre not even going to be able to burn coal very limitedly in the existing plants. || There are already more American jobs in the solar industry than in coal mining. || Wind powers nearly 13 million homes across the country.
57,"corporate, world, highest, tax, rate, corporations, taxed, united, worker, 35",26,0.34615384615384615,credible,"The United States has the highest corporate tax rate in the free world. || In 1952, the corporate income tax accounted for 33 percent of all federal tax revenue. Today, despite record-breaking profits, corporate taxes bring in less than 9 percent. || America is one of the highest-taxed nations in the world."
58,"street, wall, bailouts, financial, donald, trump, bailout, rooted, glasssteagall, crisis",26,0.46153846153846156,credible,"In the case of General Motors, the (Bush) administration wrote a check without asking for any conditions of change. || Says U.S. Rep. Lamar Smith supported the $700 billion Wall Street bailout in 2008, ""but now he is standing in the way of reforms that would assure these bailouts would never happen again. || On support for the auto bailouts."
59,"jobs, created, academies, job, since, 700000, dekalb, new, 60000, 40000",26,0.3076923076923077,credible,"We are already almost halfway to our 2010 goal of creating 700,000 new jobs in seven years. || In the last 22 months, businesses have created more than 3 million jobs. Last year, they created the most jobs since 2005. || Since last years address, more than 10,000 jobs created -- many on the high end of the employment scale."
60,"texas, hispanics, hispanic, vote, registered, republican, african, voters, percent, electorate",24,0.33333333333333337,credible,"For the first time in history, the share of the national popular vote margin is smaller than the Latino vote margin. || In 2008, only 54 percent of Latinos in Texas were registered to vote and only 35 percent actually turned out. || Eight out of the nine states with competitive Senate races, Hispanics make up less than 10 percent of the electorate."
61,"teachers, teacher, tenure, salary, entry, average, paid, contract, three, pay",24,0.45833333333333337,credible,"Florida teachers are ""already paid $5,000 below the national average."" || Out of 150,000 tenured teachers in the last 10 years, only 17 have been dismissed for incompetence. || The Providence teacher contract is one of the longest in the country."
62,"ohio, ohios, ohioans, other, jobs, business, created, lost, state, nation",24,0.16666666666666663,credible,"The state of Ohio has one of the lowest unemployment rates in the nation right now and is leading the pack in terms of job creation. || On Lee Fishers watch, almost nine out of 10 jobs that Ohio lost were lost to other states, not to other countries. || Says Ohios I-X Center used to be a great plant, but thousands of people of worked here, and they left when their jobs were moved overseas."
63,"instate, tuition, illegal, immigrants, undocumented, dream, students, college, latinos, immigrant",24,0.45833333333333337,credible,"Says the Texas Education Agency follows up to make sure undocumented immigrants paying in-state tuition at Texas colleges are applying for permanent residency. || Romney said ""'No' to in-state tuition"" for illegal immigrants. || Once people become citizens under the DREAM Act and turn 21, they can sponsor their illegal immigrant parents for legalization."
64,"stadium, virginia, braves, league, football, impact, beckhams, vehicle, baseball, richmond",24,0.45833333333333337,credible,"The Air Force wants taxpayers to fund a fantasy football league. || Says that compared to direct sales by manufacturers, consumers save avg of $500 per car sold through franchised dealer model. || David Beckhams proposed soccer stadium at Miamis Port threatens the 207,000 jobs and $27 billion economic impact tied to the cargo and cruise industries."
65,"benghazi, attack, libya, rice, requests, attacks, terrorist, video, standdown, christopher",23,0.8695652173913043,not_credible,"The amount of attention paid this week to Chris Christie makes the coverage of Benghazi ... pale in significance. || Says Libya Ambassador (Christopher) Stevens sent 600 requests for help in Benghazi. || Before the terrorist attacks in Benghazi, the State Department not only failed to honor repeated requests for additional security, but instead actually reduced security in Libya."
66,"wealth, bottom, walmart, gap, owns, richest, percent, 90, walton, africanamerican",23,0.21739130434782605,credible,"If black America were a country, itd be the 15th wealthiest nation in the world. || The top one-tenth of 1 percent now owns almost as much wealth as the bottom 90 percent. || The top 1/10th of 1 percent today in America owns almost as much wealth as the bottom 90 percent."
67,"austin, city, council, shade, austinites, randi, fastestgrowing, rent, meetings, largest",23,0.4347826086956522,credible,"Austin is a city that has basically doubled in size every 25 years or so since it was founded. || Austin is burdened by the fastest-growing tax increases of any major city in the nation. || Families in Del Valle, who are City of Austin residents, have to drive to Bastrop to go to the closest grocery store."
68,"lanes, traffic, bridge, freeway, toll, transit, add, rushhour, i95, mph",22,0.40909090909090906,credible,"We pay among the highest tolls in the nation for the privilege of crossing that bridge. || Says TriMets own analysis shows that YouthPass does not actually add to the transit agencys costs. || The fact that one town has three lanes dedicated to it, that kind of gets me sauced."
69,"taxes, wants, sales, heller, tax, groceries, toomey, pat, small, business",22,0.6818181818181819,not_credible,Jorge Elorza wants to impose a municipal income tax. || Gov. Maggie Hassans budget proposal raises taxes on small businesses and increases taxes and fees by $100 million. || Carol Shea-Porter wants to increase taxes on small business and job creators.
70,"beef, milk, food, hemp, meat, dairy, paper, farms, regulate, ban",22,0.7272727272727273,not_credible,"Eighty percent of the antibiotics in this country are fed to livestock. || The Dog Meat Festival in Yulin, China, threatens global public health. || When the salmonella source was finally identified, FDA officials had to wait for industry approval before they could go live with the [peanut] recall."
71,"vaccine, vaccines, measles, cause, reactions, disease, immunizations, injected, vaccination, smallpox",22,0.7727272727272727,not_credible,"The most likely triggering cause of (microcephaly) is the DTaP shot, a vaccine that had been recently mandated by the Brazilian government to be injected into pregnant women. || Rick Perry thinks injecting 11- and 12-year-old girls with a controversial drug (the HPV vaccine), without a parents consent, is a good idea. || Every year in the United States between 3,000 and 4,500 severe vaccine reactions are reported to the Centers for Disease Control. Not mild reactions. Severe reactions that land somebody in the hospital, the intensive care unit or cause a permanent disability or death."
72,"romney, mitt, flipflopped, prolife, prochoice, abortion, nominee, rape, candidate, heidi",22,0.40909090909090906,credible,Says Mitt Romney wants to get rid of Planned Parenthood. || Says Rep. Jon Runyan voted to redefine rape. || The polls show over half of Americans identify themselves as being pro-life.
73,"election, seats, republican, votes, party, 1800s, uncontested, incumbents, won, elections",22,0.18181818181818177,credible,"Before our last three presidents, you have to go back to the 1800s, early 1800s to find three presidents in a row being consecutively re-elected. || This is the first time a party has picked up multiple seats during a regular election since the mid 1980s, making this the largest majority of any party in more than 25 years. || Says 18 states and the District of Columbia have voted Democratic in six consecutive presidential elections."
74,"pension, funded, retirement, system, contribute, employees, pensions, postal, fund, only",21,0.38095238095238093,credible,"The city of Columbus would save $41 million a year if employees had to contribute to their own, guaranteed-check pensions. || Says the U.S. Postal Service has taken no taxpayer aid since 1971, funds operations entirely from the sale of stamps and related products and makes an operational profit year after year. || The Wisconsin Retirement System for public employees is a self-funded pension plan and its the money of the workers that funds it."
75,"trump, china, made, america, trade, korea, suits, cars, dinner, communists",21,0.5714285714285714,not_credible,"Says Trump shirts are made in Bangladesh, Trump suits in Mexico, Trump Vodka in the Netherlands, Trump crystal barware in Slovenia and his cufflinks and ties in China. || Says Donald Trump doesnt make a thing in America. || Says Donald Trumps Make America Great Againhats were made in China."
76,"property, taxes, tax, cut, december, foreclosure, onethird, went, we, previous",20,0.44999999999999996,credible,A foreclosure tax that would take effect in 2013 could mean a high tax bill for those facing foreclosure and millions of families who modified their mortgage or had a short sale through their lender. || The difference over the (previous) four years between where things were headed and where we brought them to over the last four years is a total of $816 in saved property tax money. || If you sell your house after 2012 you will pay a 3.8 percent sales tax on it.
77,"sherrod, brown, jobkilling, browns, sen, big, ohio, voted, energy, responsible",20,0.75,not_credible,"Says Sen. Sherrod Brown voted to block American energy production and increase energy taxes. || Says U.S. Sen. Sherrod Brown is responsible for over $14 trillion in debt. || Sen. Sherrod Browns vote helped pass Barack Obamas job-killing health care law, which slapped small businesses throughout Ohio with a $500 billion tax increase."
78,"refugees, syrian, refugee, 250000, syria, mandating, vet, europe, ability, arent",19,0.7894736842105263,not_credible,"The president said hes going to bring in 250,000 (Syrian and Iraqi) refugees into this country. || It takes almost a year for a refugee to be processed in the United States. || The vast majority of (Syrian) refugees are young, able-bodied men looking for work."
79,"palin, sarah, white, experience, sanctuary, got, wasilla, barnett, mornings, pig",18,0.7777777777777778,not_credible,"Says the difference between her and Barack Obama is ""about 35 years of experience."" || We know that Sunday mornings have usually been given over to conservative white men. || Says attorney general candidate Jon Richards went so far to say he would only enforce the laws with which he personally agreed."
80,"ebola, cough, outbreak, measles, be, hours, supplier, therapy, massage, bioweapons",18,0.7222222222222222,not_credible,"Money towards the Ebola vaccine is basically cut in half to what it was. More cuts are coming under the congressional sequester. || SaysTom Cotton voted against preparing America for pandemics like Ebola. || According to a government supplier of emergency products, the Disaster Assistance Response Team was told to be prepared to be activated in the month of October for an outbreak of Ebola."
81,"charlie, crist, crists, felons, vetoed, disfigurement, airs, intentional, heinous, antitax",18,0.5555555555555556,not_credible,"Charlie Crist ""worked with Acorn"" to give felons voting rights. || Charlie Crist ""bizarrely vetoed"" $9.7 million for a teaching hospital at the University of Florida ""despite having previously argued the budget request had merit."" || Charlie Crist broke the quarter ""record for fundraising in a U.S. Senate race in Florida."""
82,"espionage, warrant, intelligence, spy, monitor, whistleblower, edward, snowden, americans, act",18,0.33333333333333337,credible,"U.S. Rep. Phil Gingrey gave the government the power to electronically spy on Americans without a warrant. || Congress is bewildered at the scope and reach of our spying apparatus but in 2008 and 2012 explicitly rejected an amendment calling for more disclosure. || The ACLU didnt call for an investigation (of the Newark police department), they called for an immediate federal monitor."
83,"trade, clinton, hillary, transpacific, supported, nafta, partnership, she, boon, deal",18,0.6666666666666667,not_credible,"Hillary Clinton ""starts off with 47 percent of the country against her."" || Says Hillary Clinton has even deleted this record of total support (for the Trans-Pacific Partnership trade agreement) from her book. || I know that Hillary on occasion has said just last year said this (NAFTA) was a boon to the economy."
84,"romneycare, massachusetts, edition, book, romneys, romney, paperback, deleted, health, care",18,0.6111111111111112,not_credible,"Says the paperback edition of Mitt Romneys book deleted line that Massachusetts individual mandate should be the model for the country || Romney adviser admits Romneycare was blueprint for Obamacare. || Says Romney wrote in the first edition of his book that his health care plan should be expanded nationwide and then, You took it out of your book."
85,"equal, women, men, pay, belonged, workplace, work, perdue, paid, female",18,0.6666666666666667,not_credible,"While fighting a move to toughen penalties for workplace gender discrimination, state Sen. Glenn Grothman said he didnt believe women belonged in the workplace but belonged at home, cooking and cleaning and having babies. || As a senator, Hillary Clinton paid women less than the men in her office. || As a senator, Hillary Clinton actually paid female staffers a lot less than men."
86,"hiv, aids, hivaids, infected, transmitted, africa, sex, diagnosed, medicines, sheen",17,0.47058823529411764,credible,U.S. global AIDS spending helped reduce political instability and violence by 40 percent in recipient nations. || The number of people in Atlanta dying from HIV and AIDS declined 59 percent between 2004 and 2012. || Former President Bill Clinton and his Clinton Health Access Initiative (CHAI) distributed watered-down HIV/AIDSdrugs to patients in sub-Saharan Africa.
87,"sector, private, privatesector, growth, jobs, months, buffalo, job, created, weve",17,0.2941176470588235,credible,"We created 800,000 new jobs, we cut the unemployment rate almost in half and today New York State has more private sector jobs than it has ever had in its history || If you take the population growth here in Virginia, we are net zero on job creation since (Bob McDonnell) became governor. || This year, were off to our best private-sector jobs growth since 1999."
88,"governors, approval, governor, ratings, rating, unpopular, huckabee, previous, staggering, cato",17,0.23529411764705888,credible,"About half of the presidents have been governors; half of them, senators. || As governor, I've stood up to ... the big oil companies. || Congress has 11 percent approval ratings, yet 96.4 percent of incumbent lawmakers were re-elected in 2014."
89,"trip, obama, build, china, wind, million, billion, barack, 400, spent",17,0.7647058823529411,not_credible,President Obama took more money from Wall Street in the 2008 campaign than anybody ever had. || U.S. taxpayers are being forced to fund Feisal Abdul Raufs trip to the Middle East. || The president of the United States will be taking a trip over to India that is expected to cost the taxpayers $200 million a day.
90,"tammy, baldwin, taxes, senate, increase, buono, raising, trillions, candidate, sales",17,0.7647058823529411,not_credible,"Shes voted for 60 tax increases, hurting the middle class and small businesses. || Says hes signed a pledge not to raise taxes four times. || Says when he was governor, most of the Democrats voted for his billion-dollar property-tax cuts, but U.S. Senate rival Tammy Baldwin voted against it."
91,"deficit, trillion, surplus, balanced, four, projected, deficits, 405, 10year, took",17,0.5294117647058824,not_credible,"At the beginning of the last decade ... America had a budget surplus of over $200 billion. By the time I took office, we had a one-year deficit of over $1 trillion and projected deficits of $8 trillion over the next decade. || When President Bush took office in 2001, he inherited a $236 billion budget surplus, with a projected 10-year surplus of $5.6 trillion. When he ended his term, he left a $1.3 trillion deficit and a projected 10-year shortfall of $8 trillion. || The deficit was on track to top $1 trillion the year I took office."
92,"permit, gun, concealed, florida, purchases, regulate, mcdonalds, navy, twice, permits",16,0.25,credible,"The Florida Department of Agricultures website FreshFromFlorida.com can be used to get a permit to carry a loaded hidden gun without ever leaving your house. || Florida has the most concealed weapon permits in the nation, nearly double that of the second state, which is Texas. || There are at least twice as many licensed firearm dealers in California as there are McDonalds."
93,"amendment, second, 17th, abolish, thomas, repealing, shes, speech, hillary, constitutional",15,0.8,not_credible,The Fourth Amendment was what we fought the Revolution over. John Adams said it was the spark that led to our war for independence. || On repealing the 17th Amendment || Thomas Paine wrote that the duty of a patriot is to protect his country from his government.
94,"borders, hillary, open, clinton, refugees, pour, sharia, wants, her, immigrants",15,0.8666666666666667,not_credible,Says Hillary Clinton wants to have open borders. || Says Hillary Clinton has not answered a single question about her immigration plan. || Says Hillary Clinton wants to let people just pour in. You could have 650 million people pour in and we do nothing about it. Think of it. Thats what could happen. You triple the size of our country in one week.
95,"returns, released, tax, donald, nixon, richard, learn, audit, financial, pentagon",14,0.6428571428571428,not_credible,"The only years that anybodys ever seen of Donald Trumps tax returns showed he didnt pay any federal income tax. || You will learn more about Donald Trump by going down to the Federal Elections to see the financial disclosure form than by looking at tax returns. || I have had to fill out FEC reports for the past six years now, and theyre much more detailed than a tax return..."
96,"budget, 201517, shortfall, state, deficits, many, 489, climates, shortfalls, crushing",14,0.6428571428571428,not_credible,"If you look at states that are right to work, they constantly do not have budget deficits and they have very good business climates. || The projected $1.8 billion state budget shortfall for 2015-17 actually comes from an assumption based on zero growth. That just doesnt happen. || Says the proposed fiscal year 2013 budget is still below the level of state spending when I took office."
97,"core, common, data, together, attitudes, fingerprints, expects, succeeds, informational, sununu",14,0.7857142857142857,not_credible,"Common Core is not from the federal government, they do not have their fingerprints on this thing at all. || Race to the Top grants require participating states to adopt the Common Core standards as a condition for receiving federal funding. || Chris Sununu supported Obamas Common Core agenda, taking away local control of our schools."
98,"shutdown, vacation, congress, members, days, government, retirement, term, straightforward, laundry",14,0.5,not_credible,"Says U.S. Rep. Steve Southerland voted to keep the shutdown going. || Members of Congress receive full pay retirement after serving one term. || Says President Barack Obama has taken less vacation days than any other president in a generation, while Congress has taken more vacation days than any other Congress in history."
99,"protesters, capitol, windows, crowd, exit, car, protest, protests, opponents, blocked",14,0.7857142857142857,not_credible,"On letting Occupy Atlanta protesters stay in Woodruff Park. || Photo of ""tea party"" protests shows crowd sprawling from Capitol to Washington Monument || More than once, Ive actually had a conversation with the protesters on substance."
100,"beer, sell, winery, brewpubs, brewing, craft, drink, segment, production, cant",14,0.5,not_credible,Says that Starbucks took Christmas off of their brand new cups. || Says Every legislative district in the state has at least one craft brewery and countless home brewers. || The only segment in the beer market that is growing is the craft beer segment.
101,"defense, budget, declined, spending, combined, spend, military, terrorism, international, drawdowns",13,0.3076923076923077,credible,We spend less on defense today as % of GDP than at any time since Pearl Harbor. || We spend three times more on entitlements and debt services than we do on defense. || Says military expenditures for the United States are greater than the combined spending of the next 14 largest nations.
102,"cosponsor, senate, sponsored, legislation, experience, securitiesproduct, thatd, bucyrus, fiftyseven, plale",13,0.5384615384615384,not_credible,I co-sponsored the Rebuild America Jobs Act for transportation and infrastructure. || The U.S. Senate has one manufacturer thatd be me. || Most of the U.S. Senate is comprised of multimillionaires.
103,"drilling, coast, oil, offshore, off, alaska, always, on, floridas, shelf",13,0.3846153846153846,credible,On offshore drilling for energy || On drilling off the Atlantic coast || Says Donald Trump said he intends to open up additional areas off the coast to oil drilling during the campaign.
104,"kaine, tim, 17000, governor, increase, earning, as, little, takingbob, jihadi",13,0.6923076923076923,not_credible,"In first week as governor, Tim Kaine proposed a nearly $4 billion tax increase, $4 billion, including a tax increase on people earning as little as $17,000 a year. || Tim Kaine broke a campaign promise not to raise taxes. || On gift taking,Bob McDonnell took a fraction of what (Tim) Kaine took."
105,"keystone, pipeline, xl, 20000, project, bipartisan, oil, employ, sands, tar",13,0.5384615384615384,not_credible,"The proposed Keystone XL oil pipeline is a bipartisan proposal. || Keystone means unlocking the Canadian tar sands. || Says With nearly 75 percent of Americans supportive of the construction of the pipeline, Schrader needs to explain to Oregon families why he voted against this needed project."
106,"prison, population, incarceration, worlds, oregon, oregons, 75, percent, excons, meth",13,0.23076923076923073,credible,"[W]e see Americas prison population exploding, with America having a greater percentage of its people behind bars than any other nation in the world! || Roughly 25% of RI has a criminal record || The United States has the highest incarceration rate in the world."
107,"drivers, licenses, illegal, crosswalk, stop, road, aliens, those, eliot, boycotts",13,0.5384615384615384,not_credible,"The Richardson-Denish administration gave 50,000 drivers licenses to illegal immigrants in New Mexico. || When New York Gov. Eliot Spitzer wanted to provide drivers licenses to those who are undocumented. (Hillary Clinton) said dont do it. || Hillsboroughs Public Transportation Commission has a rule that says cabbies have to wear socks. I mean, please. Come on."
108,"sequester, procedures, wont, something, penises, distinctions, presurge, outlived, quiet, duck",12,0.5833333333333333,not_credible,"Issue 2 makes it illegal for us to negotiate for enough firefighters to do the job. || We have drawn down to presurge levels. Basra, Mosul and now Sadr City are quiet and it's long and it's tough and there will be setbacks. || I did not support the sequester."
109,"costs, illegal, immigrant, immigration, 20000, every, household, single, immigrants, 400",12,0.6666666666666667,not_credible,"If we pass immigration reform, it will make wages go up on average $250 for the average household. || In Florida, illegal immigration costs taxpayers nearly $4 billion (a year). This amounts to $700 for every household in Florida. || Illegal immigration costs state taxpayers over $3 billion every year."
110,"rail, highspeed, project, taken, train, built, shortterm, areunwilling, canal, towpath",12,0.5,not_credible,"On the way the federal government should spend Floridas rejected high-speed rail money. || The high-speed rail project would create 60,000-plus jobs for Floridians. || On high-speed rail."
111,"muslim, muslims, obama, chinese, name, mohammed, direction, discoveries, covert, babylonians",12,0.9166666666666666,not_credible,"59 percent of Americans today believe that Barack Obama is still a Muslim. || Says large majority of Republicans believe Obama is a Muslim and not U.S.-born. || According to The Book of Revelations the anti-christ ... will be a man, in his 40s, of MUSLIM descent ... is it OBAMA??"
112,"lincoln, abraham, slaves, abrahamlincoln, slavery, civil, tried, jungles, danced, proclamation",12,0.5,not_credible,"Abraham Lincoln visited and some say even danced in (the Ohio Senate) chamber. || Says Abraham Lincoln tried to buy slavesfreedom in border states, but the states all rejected it. || When President AbrahamLincoln signed his Emancipation Proclamation, there were over 300,000 slaveholders who were fighting in the Union army."
113,"carly, books, she, banned, sarah, trig, torturing, moderator, dancing, extracurricular",12,0.5,not_credible,"Carly Fiorina, shes against banning assault weapons. || Says she is the subject of 60 books. || The top man at Yale Law School came out ... with just a raging report about former HP CEO Carly Fiorina,saying she isone of the worst executives in his memory in history running the company."
114,"budget, senate, veto, fiscal, passed, predecessor, 2009, backs, submitted, appropriated",12,0.5,not_credible,As many as six federal department budget bills have been delayed because of opposition to amendments that would ban Confederate battle flag sales at federal building gift shops. || The state budget proposal has been submitted on time and [its] the earliest that a governor has done so in over two decades. || The only budget Ted Cruz ever voted for in his time in the Senate is a budget that cut defense spending by more than Barack Obama proposes we cut it.
115,"senate, joined, ive, senators, fought, shared, ideologue, deserted, poorer, deans",11,0.5454545454545454,not_credible,I would be the first Republican senator elected in New Jersey in 41 years. || I was the most bipartisan senator in the United States Senate. || I was one of about a dozen (senators) who voted against the Bridge to Nowhere.
116,"homicide, firearm, guns, gun, switzerland, homicides, rate, seized, belgiums, keys",11,0.36363636363636365,credible,"Over the past twenty years, the number of homicides committed with a firearm in the United States has decreased by nearly 40 percent. The number of other crimes involving the use of a firearm has also plummeted, declining by nearly 70 percent. || California has seen a 56 percent decline in the gun murder rate since the 1990s. || Sixty percent of the auto thefts that we have in (St. Petersburg) are caused by people leaving their keys in the car."
117,"alex, sink, 125, supported, case, bank, nobid, seth, nationsbank, magaziner",11,0.7272727272727273,not_credible,"Alex Sink funneled three quarters of a million dollars in no-bid contracts to Bank of America. || Says Alex Sink failed Florida homeowners by using predatory lending practices. || As bank president, Alex Sink eliminated thousands of Florida jobs while taking over $8 million in salary and bonuses."
118,"prayer, prayed, prayers, weinstein, casey, rugs, aclu, military, faith, sued",11,1.0,not_credible,"Prior to 1962, everybody prayed before school started, and the Bible was the principal textbook in all schools. || Pentagon confirms they may court martial soldiers who hold Christian faith. || Says Houston National Cemetery is preventing Christian prayers from being said at military funerals."
119,"georgia, halftrue, interview, columnist, remarks, elections, former, republican, false, georgias",11,0.4545454545454546,credible,"Rob Cornilles has been endorsed by 20 local mayors, including Independent, Democratic and Republican. || Said he is the only Democratic candidate for state attorney general who has ""represented the entire state of Georgia."" || The left is blatantly attempting to disrupt Georgias elections."
120,"republican, candidate, donald, appealing, specter, populist, trump, arlen, raging, lemieux",10,0.5,not_credible,"Said he's the only Republican candidate ""who's actually turned around a government economy."" || Says George LeMieux was one of two Republicans who voted for President Barack Obamas jobs bill. || John wasn't this raging populist four years ago when he ran for president."
121,"running, run, whether, senate, announces, relatives, timing, 2012, spokesman, allens",10,0.7,not_credible,On running for the presidency in 2012 || On whether to run for the U.S. Senate as an independent. || On running for re-election to U.S. Senate
122,"failed, president, barack, deficit, reduction, obama, halve, obamas, thensen, simpsonbowles",10,0.4,credible,President Barack Obama took exactly none of his own deficit reduction commissions ideas. Not one. || President Obamas recent plan to cut $100 million of waste within his administration wont actually save money because hes going to spend it elsewhere. || Says President Barack Obama failed to stand up for the bipartisan debt solutions of the Simpson-Bowles Commission.
123,"born, babies, defect, child, words, children, 1270, infant, areindividuals, congenital",10,0.5,not_credible,"In 2010 alone, 1,270 infants were reported to have died following attempted abortions and notably that is only one year. || Today in America, between 40 and 50 percent of all African-American babies, virtually 1-in-2, are killed before they are born. || There are 300,000 babies born deformed every year in this country because of women who are alcoholics while they're carrying those children to term."
124,"mine, ore, iron, northern, environmental, puddle, gogebic, proposed, lake, bigger",10,0.6,not_credible,A 2013 state law would allow the operator of an iron ore mine in northern Wisconsin to fill in pristine streams and ponds with mine waste. || To abide by Environmental Protection Agency rules when mining or drilling you have to take caution not to disturb bodies of water barely bigger than a puddle. || A proposed mine in Wisconsin is about two-thirds the size of Lake Winnebago.
125,"texas, teach, abbott, greg, teacher, children, schools, creationism, electrical, fouryearolds",10,0.7,not_credible,"Austins Pease Elementary is a school that was created as part of the Texas Constitution. || Greg Abbott said it would be a waste to expand pre-k to all Texas children. || In Texas, schools do not even have to teach sex education."
